block_number,timestamp,proposer
147275252,1770149281,0x4200000000000000000000000000000000000011
147275253,1770149283,0x4200000000000000000000000000000000000011
147275254,1770149285,0x4200000000000000000000000000000000000011
147275255,1770149287,0x4200000000000000000000000000000000000011
147275256,1770149289,0x4200000000000000000000000000000000000011
147275257,1770149291,0x4200000000000000000000000000000000000011
147275258,1770149293,0x4200000000000000000000000000000000000011
147275259,1770149295,0x4200000000000000000000000000000000000011
147275260,1770149297,0x4200000000000000000000000000000000000011
147275261,1770149299,0x4200000000000000000000000000000000000011
147275262,1770149301,0x4200000000000000000000000000000000000011
147275263,1770149303,0x4200000000000000000000000000000000000011
147275264,1770149305,0x4200000000000000000000000000000000000011
147275265,1770149307,0x4200000000000000000000000000000000000011
147275266,1770149309,0x4200000000000000000000000000000000000011
147275267,1770149311,0x4200000000000000000000000000000000000011
147275268,1770149313,0x4200000000000000000000000000000000000011
147275269,1770149315,0x4200000000000000000000000000000000000011
147275270,1770149317,0x4200000000000000000000000000000000000011
147275271,1770149319,0x4200000000000000000000000000000000000011
147275272,1770149321,0x4200000000000000000000000000000000000011
147275273,1770149323,0x4200000000000000000000000000000000000011
147275274,1770149325,0x4200000000000000000000000000000000000011
147275275,1770149327,0x4200000000000000000000000000000000000011
147275276,1770149329,0x4200000000000000000000000000000000000011
147275277,1770149331,0x4200000000000000000000000000000000000011
147275278,1770149333,0x4200000000000000000000000000000000000011
147275279,1770149335,0x4200000000000000000000000000000000000011
147275280,1770149337,0x4200000000000000000000000000000000000011
147275281,1770149339,0x4200000000000000000000000000000000000011
147275282,1770149341,0x4200000000000000000000000000000000000011
147275283,1770149343,0x4200000000000000000000000000000000000011
147275284,1770149345,0x4200000000000000000000000000000000000011
147275285,1770149347,0x4200000000000000000000000000000000000011
147275286,1770149349,0x4200000000000000000000000000000000000011
147275287,1770149351,0x4200000000000000000000000000000000000011
147275288,1770149353,0x4200000000000000000000000000000000000011
147275289,1770149355,0x4200000000000000000000000000000000000011
147275290,1770149357,0x4200000000000000000000000000000000000011
147275291,1770149359,0x4200000000000000000000000000000000000011
147275292,1770149361,0x4200000000000000000000000000000000000011
147275293,1770149363,0x4200000000000000000000000000000000000011
147275294,1770149365,0x4200000000000000000000000000000000000011
147275295,1770149367,0x4200000000000000000000000000000000000011
147275296,1770149369,0x4200000000000000000000000000000000000011
147275297,1770149371,0x4200000000000000000000000000000000000011
147275298,1770149373,0x4200000000000000000000000000000000000011
147275299,1770149375,0x4200000000000000000000000000000000000011
147275300,1770149377,0x4200000000000000000000000000000000000011
147275301,1770149379,0x4200000000000000000000000000000000000011
147275302,1770149381,0x4200000000000000000000000000000000000011
147275303,1770149383,0x4200000000000000000000000000000000000011
147275304,1770149385,0x4200000000000000000000000000000000000011
147275305,1770149387,0x4200000000000000000000000000000000000011
147275306,1770149389,0x4200000000000000000000000000000000000011
147275307,1770149391,0x4200000000000000000000000000000000000011
147275308,1770149393,0x4200000000000000000000000000000000000011
147275309,1770149395,0x4200000000000000000000000000000000000011
147275310,1770149397,0x4200000000000000000000000000000000000011
147275311,1770149399,0x4200000000000000000000000000000000000011
147275312,1770149401,0x4200000000000000000000000000000000000011
147275313,1770149403,0x4200000000000000000000000000000000000011
147275314,1770149405,0x4200000000000000000000000000000000000011
147275315,1770149407,0x4200000000000000000000000000000000000011
147275316,1770149409,0x4200000000000000000000000000000000000011
147275317,1770149411,0x4200000000000000000000000000000000000011
147275318,1770149413,0x4200000000000000000000000000000000000011
147275319,1770149415,0x4200000000000000000000000000000000000011
147275320,1770149417,0x4200000000000000000000000000000000000011
147275321,1770149419,0x4200000000000000000000000000000000000011
147275322,1770149421,0x4200000000000000000000000000000000000011
147275323,1770149423,0x4200000000000000000000000000000000000011
147275324,1770149425,0x4200000000000000000000000000000000000011
147275325,1770149427,0x4200000000000000000000000000000000000011
147275326,1770149429,0x4200000000000000000000000000000000000011
147275327,1770149431,0x4200000000000000000000000000000000000011
147275328,1770149433,0x4200000000000000000000000000000000000011
147275329,1770149435,0x4200000000000000000000000000000000000011
147275330,1770149437,0x4200000000000000000000000000000000000011
147275331,1770149439,0x4200000000000000000000000000000000000011
147275332,1770149441,0x4200000000000000000000000000000000000011
147275333,1770149443,0x4200000000000000000000000000000000000011
147275334,1770149445,0x4200000000000000000000000000000000000011
147275335,1770149447,0x4200000000000000000000000000000000000011
147275336,1770149449,0x4200000000000000000000000000000000000011
147275337,1770149451,0x4200000000000000000000000000000000000011
147275338,1770149453,0x4200000000000000000000000000000000000011
147275339,1770149455,0x4200000000000000000000000000000000000011
147275340,1770149457,0x4200000000000000000000000000000000000011
147275341,1770149459,0x4200000000000000000000000000000000000011
147275342,1770149461,0x4200000000000000000000000000000000000011
147275343,1770149463,0x4200000000000000000000000000000000000011
147275344,1770149465,0x4200000000000000000000000000000000000011
147275345,1770149467,0x4200000000000000000000000000000000000011
147275346,1770149469,0x4200000000000000000000000000000000000011
147275347,1770149471,0x4200000000000000000000000000000000000011
147275348,1770149473,0x4200000000000000000000000000000000000011
147275349,1770149475,0x4200000000000000000000000000000000000011
147275350,1770149477,0x4200000000000000000000000000000000000011
147275351,1770149479,0x4200000000000000000000000000000000000011
147275352,1770149481,0x4200000000000000000000000000000000000011
147275353,1770149483,0x4200000000000000000000000000000000000011
147275354,1770149485,0x4200000000000000000000000000000000000011
147275355,1770149487,0x4200000000000000000000000000000000000011
147275356,1770149489,0x4200000000000000000000000000000000000011
147275357,1770149491,0x4200000000000000000000000000000000000011
147275358,1770149493,0x4200000000000000000000000000000000000011
147275359,1770149495,0x4200000000000000000000000000000000000011
147275360,1770149497,0x4200000000000000000000000000000000000011
147275361,1770149499,0x4200000000000000000000000000000000000011
147275362,1770149501,0x4200000000000000000000000000000000000011
147275363,1770149503,0x4200000000000000000000000000000000000011
147275364,1770149505,0x4200000000000000000000000000000000000011
147275365,1770149507,0x4200000000000000000000000000000000000011
147275366,1770149509,0x4200000000000000000000000000000000000011
147275367,1770149511,0x4200000000000000000000000000000000000011
147275368,1770149513,0x4200000000000000000000000000000000000011
147275369,1770149515,0x4200000000000000000000000000000000000011
147275370,1770149517,0x4200000000000000000000000000000000000011
147275371,1770149519,0x4200000000000000000000000000000000000011
147275372,1770149521,0x4200000000000000000000000000000000000011
147275373,1770149523,0x4200000000000000000000000000000000000011
147275374,1770149525,0x4200000000000000000000000000000000000011
147275375,1770149527,0x4200000000000000000000000000000000000011
147275376,1770149529,0x4200000000000000000000000000000000000011
147275377,1770149531,0x4200000000000000000000000000000000000011
147275378,1770149533,0x4200000000000000000000000000000000000011
147275379,1770149535,0x4200000000000000000000000000000000000011
147275380,1770149537,0x4200000000000000000000000000000000000011
147275381,1770149539,0x4200000000000000000000000000000000000011
147275382,1770149541,0x4200000000000000000000000000000000000011
147275383,1770149543,0x4200000000000000000000000000000000000011
147275384,1770149545,0x4200000000000000000000000000000000000011
147275385,1770149547,0x4200000000000000000000000000000000000011
147275386,1770149549,0x4200000000000000000000000000000000000011
147275387,1770149551,0x4200000000000000000000000000000000000011
147275388,1770149553,0x4200000000000000000000000000000000000011
147275389,1770149555,0x4200000000000000000000000000000000000011
147275390,1770149557,0x4200000000000000000000000000000000000011
147275391,1770149559,0x4200000000000000000000000000000000000011
147275392,1770149561,0x4200000000000000000000000000000000000011
147275393,1770149563,0x4200000000000000000000000000000000000011
147275394,1770149565,0x4200000000000000000000000000000000000011
147275395,1770149567,0x4200000000000000000000000000000000000011
147275396,1770149569,0x4200000000000000000000000000000000000011
147275397,1770149571,0x4200000000000000000000000000000000000011
147275398,1770149573,0x4200000000000000000000000000000000000011
147275399,1770149575,0x4200000000000000000000000000000000000011
147275400,1770149577,0x4200000000000000000000000000000000000011
147275401,1770149579,0x4200000000000000000000000000000000000011
147275402,1770149581,0x4200000000000000000000000000000000000011
147275403,1770149583,0x4200000000000000000000000000000000000011
147275404,1770149585,0x4200000000000000000000000000000000000011
147275405,1770149587,0x4200000000000000000000000000000000000011
147275406,1770149589,0x4200000000000000000000000000000000000011
147275407,1770149591,0x4200000000000000000000000000000000000011
147275408,1770149593,0x4200000000000000000000000000000000000011
147275409,1770149595,0x4200000000000000000000000000000000000011
147275410,1770149597,0x4200000000000000000000000000000000000011
147275411,1770149599,0x4200000000000000000000000000000000000011
147275412,1770149601,0x4200000000000000000000000000000000000011
147275413,1770149603,0x4200000000000000000000000000000000000011
147275414,1770149605,0x4200000000000000000000000000000000000011
147275415,1770149607,0x4200000000000000000000000000000000000011
147275416,1770149609,0x4200000000000000000000000000000000000011
147275417,1770149611,0x4200000000000000000000000000000000000011
147275418,1770149613,0x4200000000000000000000000000000000000011
147275419,1770149615,0x4200000000000000000000000000000000000011
147275420,1770149617,0x4200000000000000000000000000000000000011
147275421,1770149619,0x4200000000000000000000000000000000000011
147275422,1770149621,0x4200000000000000000000000000000000000011
147275423,1770149623,0x4200000000000000000000000000000000000011
147275424,1770149625,0x4200000000000000000000000000000000000011
147275425,1770149627,0x4200000000000000000000000000000000000011
147275426,1770149629,0x4200000000000000000000000000000000000011
147275427,1770149631,0x4200000000000000000000000000000000000011
147275428,1770149633,0x4200000000000000000000000000000000000011
147275429,1770149635,0x4200000000000000000000000000000000000011
147275430,1770149637,0x4200000000000000000000000000000000000011
147275431,1770149639,0x4200000000000000000000000000000000000011
147275432,1770149641,0x4200000000000000000000000000000000000011
147275433,1770149643,0x4200000000000000000000000000000000000011
147275434,1770149645,0x4200000000000000000000000000000000000011
147275435,1770149647,0x4200000000000000000000000000000000000011
147275436,1770149649,0x4200000000000000000000000000000000000011
147275437,1770149651,0x4200000000000000000000000000000000000011
147275438,1770149653,0x4200000000000000000000000000000000000011
147275439,1770149655,0x4200000000000000000000000000000000000011
147275440,1770149657,0x4200000000000000000000000000000000000011
147275441,1770149659,0x4200000000000000000000000000000000000011
147275442,1770149661,0x4200000000000000000000000000000000000011
147275443,1770149663,0x4200000000000000000000000000000000000011
147275444,1770149665,0x4200000000000000000000000000000000000011
147275445,1770149667,0x4200000000000000000000000000000000000011
147275446,1770149669,0x4200000000000000000000000000000000000011
147275447,1770149671,0x4200000000000000000000000000000000000011
147275448,1770149673,0x4200000000000000000000000000000000000011
147275449,1770149675,0x4200000000000000000000000000000000000011
147275450,1770149677,0x4200000000000000000000000000000000000011
147275451,1770149679,0x4200000000000000000000000000000000000011
147275452,1770149681,0x4200000000000000000000000000000000000011
147275453,1770149683,0x4200000000000000000000000000000000000011
147275454,1770149685,0x4200000000000000000000000000000000000011
147275455,1770149687,0x4200000000000000000000000000000000000011
147275456,1770149689,0x4200000000000000000000000000000000000011
147275457,1770149691,0x4200000000000000000000000000000000000011
147275458,1770149693,0x4200000000000000000000000000000000000011
147275459,1770149695,0x4200000000000000000000000000000000000011
147275460,1770149697,0x4200000000000000000000000000000000000011
147275461,1770149699,0x4200000000000000000000000000000000000011
147275462,1770149701,0x4200000000000000000000000000000000000011
147275463,1770149703,0x4200000000000000000000000000000000000011
147275464,1770149705,0x4200000000000000000000000000000000000011
147275465,1770149707,0x4200000000000000000000000000000000000011
147275466,1770149709,0x4200000000000000000000000000000000000011
147275467,1770149711,0x4200000000000000000000000000000000000011
147275468,1770149713,0x4200000000000000000000000000000000000011
147275469,1770149715,0x4200000000000000000000000000000000000011
147275470,1770149717,0x4200000000000000000000000000000000000011
147275471,1770149719,0x4200000000000000000000000000000000000011
147275472,1770149721,0x4200000000000000000000000000000000000011
147275473,1770149723,0x4200000000000000000000000000000000000011
147275474,1770149725,0x4200000000000000000000000000000000000011
147275475,1770149727,0x4200000000000000000000000000000000000011
147275476,1770149729,0x4200000000000000000000000000000000000011
147275477,1770149731,0x4200000000000000000000000000000000000011
147275478,1770149733,0x4200000000000000000000000000000000000011
147275479,1770149735,0x4200000000000000000000000000000000000011
147275480,1770149737,0x4200000000000000000000000000000000000011
147275481,1770149739,0x4200000000000000000000000000000000000011
147275482,1770149741,0x4200000000000000000000000000000000000011
147275483,1770149743,0x4200000000000000000000000000000000000011
147275484,1770149745,0x4200000000000000000000000000000000000011
147275485,1770149747,0x4200000000000000000000000000000000000011
147275486,1770149749,0x4200000000000000000000000000000000000011
147275487,1770149751,0x4200000000000000000000000000000000000011
147275488,1770149753,0x4200000000000000000000000000000000000011
147275489,1770149755,0x4200000000000000000000000000000000000011
147275490,1770149757,0x4200000000000000000000000000000000000011
147275491,1770149759,0x4200000000000000000000000000000000000011
147275492,1770149761,0x4200000000000000000000000000000000000011
147275493,1770149763,0x4200000000000000000000000000000000000011
147275494,1770149765,0x4200000000000000000000000000000000000011
147275495,1770149767,0x4200000000000000000000000000000000000011
147275496,1770149769,0x4200000000000000000000000000000000000011
147275497,1770149771,0x4200000000000000000000000000000000000011
147275498,1770149773,0x4200000000000000000000000000000000000011
147275499,1770149775,0x4200000000000000000000000000000000000011
147275500,1770149777,0x4200000000000000000000000000000000000011
147275501,1770149779,0x4200000000000000000000000000000000000011
147275502,1770149781,0x4200000000000000000000000000000000000011
147275503,1770149783,0x4200000000000000000000000000000000000011
147275504,1770149785,0x4200000000000000000000000000000000000011
147275505,1770149787,0x4200000000000000000000000000000000000011
147275506,1770149789,0x4200000000000000000000000000000000000011
147275507,1770149791,0x4200000000000000000000000000000000000011
147275508,1770149793,0x4200000000000000000000000000000000000011
147275509,1770149795,0x4200000000000000000000000000000000000011
147275510,1770149797,0x4200000000000000000000000000000000000011
147275511,1770149799,0x4200000000000000000000000000000000000011
147275512,1770149801,0x4200000000000000000000000000000000000011
147275513,1770149803,0x4200000000000000000000000000000000000011
147275514,1770149805,0x4200000000000000000000000000000000000011
147275515,1770149807,0x4200000000000000000000000000000000000011
147275516,1770149809,0x4200000000000000000000000000000000000011
147275517,1770149811,0x4200000000000000000000000000000000000011
147275518,1770149813,0x4200000000000000000000000000000000000011
147275519,1770149815,0x4200000000000000000000000000000000000011
147275520,1770149817,0x4200000000000000000000000000000000000011
147275521,1770149819,0x4200000000000000000000000000000000000011
147275522,1770149821,0x4200000000000000000000000000000000000011
147275523,1770149823,0x4200000000000000000000000000000000000011
147275524,1770149825,0x4200000000000000000000000000000000000011
147275525,1770149827,0x4200000000000000000000000000000000000011
147275526,1770149829,0x4200000000000000000000000000000000000011
147275527,1770149831,0x4200000000000000000000000000000000000011
147275528,1770149833,0x4200000000000000000000000000000000000011
147275529,1770149835,0x4200000000000000000000000000000000000011
147275530,1770149837,0x4200000000000000000000000000000000000011
147275531,1770149839,0x4200000000000000000000000000000000000011
147275532,1770149841,0x4200000000000000000000000000000000000011
147275533,1770149843,0x4200000000000000000000000000000000000011
147275534,1770149845,0x4200000000000000000000000000000000000011
147275535,1770149847,0x4200000000000000000000000000000000000011
147275536,1770149849,0x4200000000000000000000000000000000000011
147275537,1770149851,0x4200000000000000000000000000000000000011
147275538,1770149853,0x4200000000000000000000000000000000000011
147275539,1770149855,0x4200000000000000000000000000000000000011
147275540,1770149857,0x4200000000000000000000000000000000000011
147275541,1770149859,0x4200000000000000000000000000000000000011
147275542,1770149861,0x4200000000000000000000000000000000000011
147275543,1770149863,0x4200000000000000000000000000000000000011
147275544,1770149865,0x4200000000000000000000000000000000000011
147275545,1770149867,0x4200000000000000000000000000000000000011
147275546,1770149869,0x4200000000000000000000000000000000000011
147275547,1770149871,0x4200000000000000000000000000000000000011
147275548,1770149873,0x4200000000000000000000000000000000000011
147275549,1770149875,0x4200000000000000000000000000000000000011
147275550,1770149877,0x4200000000000000000000000000000000000011
147275551,1770149879,0x4200000000000000000000000000000000000011
147275552,1770149881,0x4200000000000000000000000000000000000011
147275553,1770149883,0x4200000000000000000000000000000000000011
147275554,1770149885,0x4200000000000000000000000000000000000011
147275555,1770149887,0x4200000000000000000000000000000000000011
147275556,1770149889,0x4200000000000000000000000000000000000011
147275557,1770149891,0x4200000000000000000000000000000000000011
147275558,1770149893,0x4200000000000000000000000000000000000011
147275559,1770149895,0x4200000000000000000000000000000000000011
147275560,1770149897,0x4200000000000000000000000000000000000011
147275561,1770149899,0x4200000000000000000000000000000000000011
147275562,1770149901,0x4200000000000000000000000000000000000011
147275563,1770149903,0x4200000000000000000000000000000000000011
147275564,1770149905,0x4200000000000000000000000000000000000011
147275565,1770149907,0x4200000000000000000000000000000000000011
147275566,1770149909,0x4200000000000000000000000000000000000011
147275567,1770149911,0x4200000000000000000000000000000000000011
147275568,1770149913,0x4200000000000000000000000000000000000011
147275569,1770149915,0x4200000000000000000000000000000000000011
147275570,1770149917,0x4200000000000000000000000000000000000011
147275571,1770149919,0x4200000000000000000000000000000000000011
147275572,1770149921,0x4200000000000000000000000000000000000011
147275573,1770149923,0x4200000000000000000000000000000000000011
147275574,1770149925,0x4200000000000000000000000000000000000011
147275575,1770149927,0x4200000000000000000000000000000000000011
147275576,1770149929,0x4200000000000000000000000000000000000011
147275577,1770149931,0x4200000000000000000000000000000000000011
147275578,1770149933,0x4200000000000000000000000000000000000011
147275579,1770149935,0x4200000000000000000000000000000000000011
147275580,1770149937,0x4200000000000000000000000000000000000011
147275581,1770149939,0x4200000000000000000000000000000000000011
147275582,1770149941,0x4200000000000000000000000000000000000011
147275583,1770149943,0x4200000000000000000000000000000000000011
147275584,1770149945,0x4200000000000000000000000000000000000011
147275585,1770149947,0x4200000000000000000000000000000000000011
147275586,1770149949,0x4200000000000000000000000000000000000011
147275587,1770149951,0x4200000000000000000000000000000000000011
147275588,1770149953,0x4200000000000000000000000000000000000011
147275589,1770149955,0x4200000000000000000000000000000000000011
147275590,1770149957,0x4200000000000000000000000000000000000011
147275591,1770149959,0x4200000000000000000000000000000000000011
147275592,1770149961,0x4200000000000000000000000000000000000011
147275593,1770149963,0x4200000000000000000000000000000000000011
147275594,1770149965,0x4200000000000000000000000000000000000011
147275595,1770149967,0x4200000000000000000000000000000000000011
147275596,1770149969,0x4200000000000000000000000000000000000011
147275597,1770149971,0x4200000000000000000000000000000000000011
147275598,1770149973,0x4200000000000000000000000000000000000011
147275599,1770149975,0x4200000000000000000000000000000000000011
147275600,1770149977,0x4200000000000000000000000000000000000011
147275601,1770149979,0x4200000000000000000000000000000000000011
147275602,1770149981,0x4200000000000000000000000000000000000011
147275603,1770149983,0x4200000000000000000000000000000000000011
147275604,1770149985,0x4200000000000000000000000000000000000011
147275605,1770149987,0x4200000000000000000000000000000000000011
147275606,1770149989,0x4200000000000000000000000000000000000011
147275607,1770149991,0x4200000000000000000000000000000000000011
147275608,1770149993,0x4200000000000000000000000000000000000011
147275609,1770149995,0x4200000000000000000000000000000000000011
147275610,1770149997,0x4200000000000000000000000000000000000011
147275611,1770149999,0x4200000000000000000000000000000000000011
147275612,1770150001,0x4200000000000000000000000000000000000011
147275613,1770150003,0x4200000000000000000000000000000000000011
147275614,1770150005,0x4200000000000000000000000000000000000011
147275615,1770150007,0x4200000000000000000000000000000000000011
147275616,1770150009,0x4200000000000000000000000000000000000011
147275617,1770150011,0x4200000000000000000000000000000000000011
147275618,1770150013,0x4200000000000000000000000000000000000011
147275619,1770150015,0x4200000000000000000000000000000000000011
147275620,1770150017,0x4200000000000000000000000000000000000011
147275621,1770150019,0x4200000000000000000000000000000000000011
147275622,1770150021,0x4200000000000000000000000000000000000011
147275623,1770150023,0x4200000000000000000000000000000000000011
147275624,1770150025,0x4200000000000000000000000000000000000011
147275625,1770150027,0x4200000000000000000000000000000000000011
147275626,1770150029,0x4200000000000000000000000000000000000011
147275627,1770150031,0x4200000000000000000000000000000000000011
147275628,1770150033,0x4200000000000000000000000000000000000011
147275629,1770150035,0x4200000000000000000000000000000000000011
147275630,1770150037,0x4200000000000000000000000000000000000011
147275631,1770150039,0x4200000000000000000000000000000000000011
147275632,1770150041,0x4200000000000000000000000000000000000011
147275633,1770150043,0x4200000000000000000000000000000000000011
147275634,1770150045,0x4200000000000000000000000000000000000011
147275635,1770150047,0x4200000000000000000000000000000000000011
147275636,1770150049,0x4200000000000000000000000000000000000011
147275637,1770150051,0x4200000000000000000000000000000000000011
147275638,1770150053,0x4200000000000000000000000000000000000011
147275639,1770150055,0x4200000000000000000000000000000000000011
147275640,1770150057,0x4200000000000000000000000000000000000011
147275641,1770150059,0x4200000000000000000000000000000000000011
147275642,1770150061,0x4200000000000000000000000000000000000011
147275643,1770150063,0x4200000000000000000000000000000000000011
147275644,1770150065,0x4200000000000000000000000000000000000011
147275645,1770150067,0x4200000000000000000000000000000000000011
147275646,1770150069,0x4200000000000000000000000000000000000011
147275647,1770150071,0x4200000000000000000000000000000000000011
147275648,1770150073,0x4200000000000000000000000000000000000011
147275649,1770150075,0x4200000000000000000000000000000000000011
147275650,1770150077,0x4200000000000000000000000000000000000011
147275651,1770150079,0x4200000000000000000000000000000000000011
147275652,1770150081,0x4200000000000000000000000000000000000011
147275653,1770150083,0x4200000000000000000000000000000000000011
147275654,1770150085,0x4200000000000000000000000000000000000011
147275655,1770150087,0x4200000000000000000000000000000000000011
147275656,1770150089,0x4200000000000000000000000000000000000011
147275657,1770150091,0x4200000000000000000000000000000000000011
147275658,1770150093,0x4200000000000000000000000000000000000011
147275659,1770150095,0x4200000000000000000000000000000000000011
147275660,1770150097,0x4200000000000000000000000000000000000011
147275661,1770150099,0x4200000000000000000000000000000000000011
147275662,1770150101,0x4200000000000000000000000000000000000011
147275663,1770150103,0x4200000000000000000000000000000000000011
147275664,1770150105,0x4200000000000000000000000000000000000011
147275665,1770150107,0x4200000000000000000000000000000000000011
147275666,1770150109,0x4200000000000000000000000000000000000011
147275667,1770150111,0x4200000000000000000000000000000000000011
147275668,1770150113,0x4200000000000000000000000000000000000011
147275669,1770150115,0x4200000000000000000000000000000000000011
147275670,1770150117,0x4200000000000000000000000000000000000011
147275671,1770150119,0x4200000000000000000000000000000000000011
147275672,1770150121,0x4200000000000000000000000000000000000011
147275673,1770150123,0x4200000000000000000000000000000000000011
147275674,1770150125,0x4200000000000000000000000000000000000011
147275675,1770150127,0x4200000000000000000000000000000000000011
147275676,1770150129,0x4200000000000000000000000000000000000011
147275677,1770150131,0x4200000000000000000000000000000000000011
147275678,1770150133,0x4200000000000000000000000000000000000011
147275679,1770150135,0x4200000000000000000000000000000000000011
147275680,1770150137,0x4200000000000000000000000000000000000011
147275681,1770150139,0x4200000000000000000000000000000000000011
147275682,1770150141,0x4200000000000000000000000000000000000011
147275683,1770150143,0x4200000000000000000000000000000000000011
147275684,1770150145,0x4200000000000000000000000000000000000011
147275685,1770150147,0x4200000000000000000000000000000000000011
147275686,1770150149,0x4200000000000000000000000000000000000011
147275687,1770150151,0x4200000000000000000000000000000000000011
147275688,1770150153,0x4200000000000000000000000000000000000011
147275689,1770150155,0x4200000000000000000000000000000000000011
147275690,1770150157,0x4200000000000000000000000000000000000011
147275691,1770150159,0x4200000000000000000000000000000000000011
147275692,1770150161,0x4200000000000000000000000000000000000011
147275693,1770150163,0x4200000000000000000000000000000000000011
147275694,1770150165,0x4200000000000000000000000000000000000011
147275695,1770150167,0x4200000000000000000000000000000000000011
147275696,1770150169,0x4200000000000000000000000000000000000011
147275697,1770150171,0x4200000000000000000000000000000000000011
147275698,1770150173,0x4200000000000000000000000000000000000011
147275699,1770150175,0x4200000000000000000000000000000000000011
147275700,1770150177,0x4200000000000000000000000000000000000011
147275701,1770150179,0x4200000000000000000000000000000000000011
147275702,1770150181,0x4200000000000000000000000000000000000011
147275703,1770150183,0x4200000000000000000000000000000000000011
147275704,1770150185,0x4200000000000000000000000000000000000011
147275705,1770150187,0x4200000000000000000000000000000000000011
147275706,1770150189,0x4200000000000000000000000000000000000011
147275707,1770150191,0x4200000000000000000000000000000000000011
147275708,1770150193,0x4200000000000000000000000000000000000011
147275709,1770150195,0x4200000000000000000000000000000000000011
147275710,1770150197,0x4200000000000000000000000000000000000011
147275711,1770150199,0x4200000000000000000000000000000000000011
147275712,1770150201,0x4200000000000000000000000000000000000011
147275713,1770150203,0x4200000000000000000000000000000000000011
147275714,1770150205,0x4200000000000000000000000000000000000011
147275715,1770150207,0x4200000000000000000000000000000000000011
147275716,1770150209,0x4200000000000000000000000000000000000011
147275717,1770150211,0x4200000000000000000000000000000000000011
147275718,1770150213,0x4200000000000000000000000000000000000011
147275719,1770150215,0x4200000000000000000000000000000000000011
147275720,1770150217,0x4200000000000000000000000000000000000011
147275721,1770150219,0x4200000000000000000000000000000000000011
147275722,1770150221,0x4200000000000000000000000000000000000011
147275723,1770150223,0x4200000000000000000000000000000000000011
147275724,1770150225,0x4200000000000000000000000000000000000011
147275725,1770150227,0x4200000000000000000000000000000000000011
147275726,1770150229,0x4200000000000000000000000000000000000011
147275727,1770150231,0x4200000000000000000000000000000000000011
147275728,1770150233,0x4200000000000000000000000000000000000011
147275729,1770150235,0x4200000000000000000000000000000000000011
147275730,1770150237,0x4200000000000000000000000000000000000011
147275731,1770150239,0x4200000000000000000000000000000000000011
147275732,1770150241,0x4200000000000000000000000000000000000011
147275733,1770150243,0x4200000000000000000000000000000000000011
147275734,1770150245,0x4200000000000000000000000000000000000011
147275735,1770150247,0x4200000000000000000000000000000000000011
147275736,1770150249,0x4200000000000000000000000000000000000011
147275737,1770150251,0x4200000000000000000000000000000000000011
147275738,1770150253,0x4200000000000000000000000000000000000011
147275739,1770150255,0x4200000000000000000000000000000000000011
147275740,1770150257,0x4200000000000000000000000000000000000011
147275741,1770150259,0x4200000000000000000000000000000000000011
147275742,1770150261,0x4200000000000000000000000000000000000011
147275743,1770150263,0x4200000000000000000000000000000000000011
147275744,1770150265,0x4200000000000000000000000000000000000011
147275745,1770150267,0x4200000000000000000000000000000000000011
147275746,1770150269,0x4200000000000000000000000000000000000011
147275747,1770150271,0x4200000000000000000000000000000000000011
147275748,1770150273,0x4200000000000000000000000000000000000011
147275749,1770150275,0x4200000000000000000000000000000000000011
147275750,1770150277,0x4200000000000000000000000000000000000011
147275751,1770150279,0x4200000000000000000000000000000000000011
147275752,1770150281,0x4200000000000000000000000000000000000011
147275753,1770150283,0x4200000000000000000000000000000000000011
147275754,1770150285,0x4200000000000000000000000000000000000011
147275755,1770150287,0x4200000000000000000000000000000000000011
147275756,1770150289,0x4200000000000000000000000000000000000011
147275757,1770150291,0x4200000000000000000000000000000000000011
147275758,1770150293,0x4200000000000000000000000000000000000011
147275759,1770150295,0x4200000000000000000000000000000000000011
147275760,1770150297,0x4200000000000000000000000000000000000011
147275761,1770150299,0x4200000000000000000000000000000000000011
147275762,1770150301,0x4200000000000000000000000000000000000011
147275763,1770150303,0x4200000000000000000000000000000000000011
147275764,1770150305,0x4200000000000000000000000000000000000011
147275765,1770150307,0x4200000000000000000000000000000000000011
147275766,1770150309,0x4200000000000000000000000000000000000011
147275767,1770150311,0x4200000000000000000000000000000000000011
147275768,1770150313,0x4200000000000000000000000000000000000011
147275769,1770150315,0x4200000000000000000000000000000000000011
147275770,1770150317,0x4200000000000000000000000000000000000011
147275771,1770150319,0x4200000000000000000000000000000000000011
147275772,1770150321,0x4200000000000000000000000000000000000011
147275773,1770150323,0x4200000000000000000000000000000000000011
147275774,1770150325,0x4200000000000000000000000000000000000011
147275775,1770150327,0x4200000000000000000000000000000000000011
147275776,1770150329,0x4200000000000000000000000000000000000011
147275777,1770150331,0x4200000000000000000000000000000000000011
147275778,1770150333,0x4200000000000000000000000000000000000011
147275779,1770150335,0x4200000000000000000000000000000000000011
147275780,1770150337,0x4200000000000000000000000000000000000011
147275781,1770150339,0x4200000000000000000000000000000000000011
147275782,1770150341,0x4200000000000000000000000000000000000011
147275783,1770150343,0x4200000000000000000000000000000000000011
147275784,1770150345,0x4200000000000000000000000000000000000011
147275785,1770150347,0x4200000000000000000000000000000000000011
147275786,1770150349,0x4200000000000000000000000000000000000011
147275787,1770150351,0x4200000000000000000000000000000000000011
147275788,1770150353,0x4200000000000000000000000000000000000011
147275789,1770150355,0x4200000000000000000000000000000000000011
147275790,1770150357,0x4200000000000000000000000000000000000011
147275791,1770150359,0x4200000000000000000000000000000000000011
147275792,1770150361,0x4200000000000000000000000000000000000011
147275793,1770150363,0x4200000000000000000000000000000000000011
147275794,1770150365,0x4200000000000000000000000000000000000011
147275795,1770150367,0x4200000000000000000000000000000000000011
147275796,1770150369,0x4200000000000000000000000000000000000011
147275797,1770150371,0x4200000000000000000000000000000000000011
147275798,1770150373,0x4200000000000000000000000000000000000011
147275799,1770150375,0x4200000000000000000000000000000000000011
147275800,1770150377,0x4200000000000000000000000000000000000011
147275801,1770150379,0x4200000000000000000000000000000000000011
147275802,1770150381,0x4200000000000000000000000000000000000011
147275803,1770150383,0x4200000000000000000000000000000000000011
147275804,1770150385,0x4200000000000000000000000000000000000011
147275805,1770150387,0x4200000000000000000000000000000000000011
147275806,1770150389,0x4200000000000000000000000000000000000011
147275807,1770150391,0x4200000000000000000000000000000000000011
147275808,1770150393,0x4200000000000000000000000000000000000011
147275809,1770150395,0x4200000000000000000000000000000000000011
147275810,1770150397,0x4200000000000000000000000000000000000011
147275811,1770150399,0x4200000000000000000000000000000000000011
147275812,1770150401,0x4200000000000000000000000000000000000011
147275813,1770150403,0x4200000000000000000000000000000000000011
147275814,1770150405,0x4200000000000000000000000000000000000011
147275815,1770150407,0x4200000000000000000000000000000000000011
147275816,1770150409,0x4200000000000000000000000000000000000011
147275817,1770150411,0x4200000000000000000000000000000000000011
147275818,1770150413,0x4200000000000000000000000000000000000011
147275819,1770150415,0x4200000000000000000000000000000000000011
147275820,1770150417,0x4200000000000000000000000000000000000011
147275821,1770150419,0x4200000000000000000000000000000000000011
147275822,1770150421,0x4200000000000000000000000000000000000011
147275823,1770150423,0x4200000000000000000000000000000000000011
147275824,1770150425,0x4200000000000000000000000000000000000011
147275825,1770150427,0x4200000000000000000000000000000000000011
147275826,1770150429,0x4200000000000000000000000000000000000011
147275827,1770150431,0x4200000000000000000000000000000000000011
147275828,1770150433,0x4200000000000000000000000000000000000011
147275829,1770150435,0x4200000000000000000000000000000000000011
147275830,1770150437,0x4200000000000000000000000000000000000011
147275831,1770150439,0x4200000000000000000000000000000000000011
147275832,1770150441,0x4200000000000000000000000000000000000011
147275833,1770150443,0x4200000000000000000000000000000000000011
147275834,1770150445,0x4200000000000000000000000000000000000011
147275835,1770150447,0x4200000000000000000000000000000000000011
147275836,1770150449,0x4200000000000000000000000000000000000011
147275837,1770150451,0x4200000000000000000000000000000000000011
147275838,1770150453,0x4200000000000000000000000000000000000011
147275839,1770150455,0x4200000000000000000000000000000000000011
147275840,1770150457,0x4200000000000000000000000000000000000011
147275841,1770150459,0x4200000000000000000000000000000000000011
147275842,1770150461,0x4200000000000000000000000000000000000011
147275843,1770150463,0x4200000000000000000000000000000000000011
147275844,1770150465,0x4200000000000000000000000000000000000011
147275845,1770150467,0x4200000000000000000000000000000000000011
147275846,1770150469,0x4200000000000000000000000000000000000011
147275847,1770150471,0x4200000000000000000000000000000000000011
147275848,1770150473,0x4200000000000000000000000000000000000011
147275849,1770150475,0x4200000000000000000000000000000000000011
147275850,1770150477,0x4200000000000000000000000000000000000011
147275851,1770150479,0x4200000000000000000000000000000000000011
147275852,1770150481,0x4200000000000000000000000000000000000011
147275853,1770150483,0x4200000000000000000000000000000000000011
147275854,1770150485,0x4200000000000000000000000000000000000011
147275855,1770150487,0x4200000000000000000000000000000000000011
147275856,1770150489,0x4200000000000000000000000000000000000011
147275857,1770150491,0x4200000000000000000000000000000000000011
147275858,1770150493,0x4200000000000000000000000000000000000011
147275859,1770150495,0x4200000000000000000000000000000000000011
147275860,1770150497,0x4200000000000000000000000000000000000011
147275861,1770150499,0x4200000000000000000000000000000000000011
147275862,1770150501,0x4200000000000000000000000000000000000011
147275863,1770150503,0x4200000000000000000000000000000000000011
147275864,1770150505,0x4200000000000000000000000000000000000011
147275865,1770150507,0x4200000000000000000000000000000000000011
147275866,1770150509,0x4200000000000000000000000000000000000011
147275867,1770150511,0x4200000000000000000000000000000000000011
147275868,1770150513,0x4200000000000000000000000000000000000011
147275869,1770150515,0x4200000000000000000000000000000000000011
147275870,1770150517,0x4200000000000000000000000000000000000011
147275871,1770150519,0x4200000000000000000000000000000000000011
147275872,1770150521,0x4200000000000000000000000000000000000011
147275873,1770150523,0x4200000000000000000000000000000000000011
147275874,1770150525,0x4200000000000000000000000000000000000011
147275875,1770150527,0x4200000000000000000000000000000000000011
147275876,1770150529,0x4200000000000000000000000000000000000011
147275877,1770150531,0x4200000000000000000000000000000000000011
147275878,1770150533,0x4200000000000000000000000000000000000011
147275879,1770150535,0x4200000000000000000000000000000000000011
147275880,1770150537,0x4200000000000000000000000000000000000011
147275881,1770150539,0x4200000000000000000000000000000000000011
147275882,1770150541,0x4200000000000000000000000000000000000011
147275883,1770150543,0x4200000000000000000000000000000000000011
147275884,1770150545,0x4200000000000000000000000000000000000011
147275885,1770150547,0x4200000000000000000000000000000000000011
147275886,1770150549,0x4200000000000000000000000000000000000011
147275887,1770150551,0x4200000000000000000000000000000000000011
147275888,1770150553,0x4200000000000000000000000000000000000011
147275889,1770150555,0x4200000000000000000000000000000000000011
147275890,1770150557,0x4200000000000000000000000000000000000011
147275891,1770150559,0x4200000000000000000000000000000000000011
147275892,1770150561,0x4200000000000000000000000000000000000011
147275893,1770150563,0x4200000000000000000000000000000000000011
147275894,1770150565,0x4200000000000000000000000000000000000011
147275895,1770150567,0x4200000000000000000000000000000000000011
147275896,1770150569,0x4200000000000000000000000000000000000011
147275897,1770150571,0x4200000000000000000000000000000000000011
147275898,1770150573,0x4200000000000000000000000000000000000011
147275899,1770150575,0x4200000000000000000000000000000000000011
147275900,1770150577,0x4200000000000000000000000000000000000011
147275901,1770150579,0x4200000000000000000000000000000000000011
147275902,1770150581,0x4200000000000000000000000000000000000011
147275903,1770150583,0x4200000000000000000000000000000000000011
147275904,1770150585,0x4200000000000000000000000000000000000011
147275905,1770150587,0x4200000000000000000000000000000000000011
147275906,1770150589,0x4200000000000000000000000000000000000011
147275907,1770150591,0x4200000000000000000000000000000000000011
147275908,1770150593,0x4200000000000000000000000000000000000011
147275909,1770150595,0x4200000000000000000000000000000000000011
147275910,1770150597,0x4200000000000000000000000000000000000011
147275911,1770150599,0x4200000000000000000000000000000000000011
147275912,1770150601,0x4200000000000000000000000000000000000011
147275913,1770150603,0x4200000000000000000000000000000000000011
147275914,1770150605,0x4200000000000000000000000000000000000011
147275915,1770150607,0x4200000000000000000000000000000000000011
147275916,1770150609,0x4200000000000000000000000000000000000011
147275917,1770150611,0x4200000000000000000000000000000000000011
147275918,1770150613,0x4200000000000000000000000000000000000011
147275919,1770150615,0x4200000000000000000000000000000000000011
147275920,1770150617,0x4200000000000000000000000000000000000011
147275921,1770150619,0x4200000000000000000000000000000000000011
147275922,1770150621,0x4200000000000000000000000000000000000011
147275923,1770150623,0x4200000000000000000000000000000000000011
147275924,1770150625,0x4200000000000000000000000000000000000011
147275925,1770150627,0x4200000000000000000000000000000000000011
147275926,1770150629,0x4200000000000000000000000000000000000011
147275927,1770150631,0x4200000000000000000000000000000000000011
147275928,1770150633,0x4200000000000000000000000000000000000011
147275929,1770150635,0x4200000000000000000000000000000000000011
147275930,1770150637,0x4200000000000000000000000000000000000011
147275931,1770150639,0x4200000000000000000000000000000000000011
147275932,1770150641,0x4200000000000000000000000000000000000011
147275933,1770150643,0x4200000000000000000000000000000000000011
147275934,1770150645,0x4200000000000000000000000000000000000011
147275935,1770150647,0x4200000000000000000000000000000000000011
147275936,1770150649,0x4200000000000000000000000000000000000011
147275937,1770150651,0x4200000000000000000000000000000000000011
147275938,1770150653,0x4200000000000000000000000000000000000011
147275939,1770150655,0x4200000000000000000000000000000000000011
147275940,1770150657,0x4200000000000000000000000000000000000011
147275941,1770150659,0x4200000000000000000000000000000000000011
147275942,1770150661,0x4200000000000000000000000000000000000011
147275943,1770150663,0x4200000000000000000000000000000000000011
147275944,1770150665,0x4200000000000000000000000000000000000011
147275945,1770150667,0x4200000000000000000000000000000000000011
147275946,1770150669,0x4200000000000000000000000000000000000011
147275947,1770150671,0x4200000000000000000000000000000000000011
147275948,1770150673,0x4200000000000000000000000000000000000011
147275949,1770150675,0x4200000000000000000000000000000000000011
147275950,1770150677,0x4200000000000000000000000000000000000011
147275951,1770150679,0x4200000000000000000000000000000000000011
147275952,1770150681,0x4200000000000000000000000000000000000011
147275953,1770150683,0x4200000000000000000000000000000000000011
147275954,1770150685,0x4200000000000000000000000000000000000011
147275955,1770150687,0x4200000000000000000000000000000000000011
147275956,1770150689,0x4200000000000000000000000000000000000011
147275957,1770150691,0x4200000000000000000000000000000000000011
147275958,1770150693,0x4200000000000000000000000000000000000011
147275959,1770150695,0x4200000000000000000000000000000000000011
147275960,1770150697,0x4200000000000000000000000000000000000011
147275961,1770150699,0x4200000000000000000000000000000000000011
147275962,1770150701,0x4200000000000000000000000000000000000011
147275963,1770150703,0x4200000000000000000000000000000000000011
147275964,1770150705,0x4200000000000000000000000000000000000011
147275965,1770150707,0x4200000000000000000000000000000000000011
147275966,1770150709,0x4200000000000000000000000000000000000011
147275967,1770150711,0x4200000000000000000000000000000000000011
147275968,1770150713,0x4200000000000000000000000000000000000011
147275969,1770150715,0x4200000000000000000000000000000000000011
147275970,1770150717,0x4200000000000000000000000000000000000011
147275971,1770150719,0x4200000000000000000000000000000000000011
147275972,1770150721,0x4200000000000000000000000000000000000011
147275973,1770150723,0x4200000000000000000000000000000000000011
147275974,1770150725,0x4200000000000000000000000000000000000011
147275975,1770150727,0x4200000000000000000000000000000000000011
147275976,1770150729,0x4200000000000000000000000000000000000011
147275977,1770150731,0x4200000000000000000000000000000000000011
147275978,1770150733,0x4200000000000000000000000000000000000011
147275979,1770150735,0x4200000000000000000000000000000000000011
147275980,1770150737,0x4200000000000000000000000000000000000011
147275981,1770150739,0x4200000000000000000000000000000000000011
147275982,1770150741,0x4200000000000000000000000000000000000011
147275983,1770150743,0x4200000000000000000000000000000000000011
147275984,1770150745,0x4200000000000000000000000000000000000011
147275985,1770150747,0x4200000000000000000000000000000000000011
147275986,1770150749,0x4200000000000000000000000000000000000011
147275987,1770150751,0x4200000000000000000000000000000000000011
147275988,1770150753,0x4200000000000000000000000000000000000011
147275989,1770150755,0x4200000000000000000000000000000000000011
147275990,1770150757,0x4200000000000000000000000000000000000011
147275991,1770150759,0x4200000000000000000000000000000000000011
147275992,1770150761,0x4200000000000000000000000000000000000011
147275993,1770150763,0x4200000000000000000000000000000000000011
147275994,1770150765,0x4200000000000000000000000000000000000011
147275995,1770150767,0x4200000000000000000000000000000000000011
147275996,1770150769,0x4200000000000000000000000000000000000011
147275997,1770150771,0x4200000000000000000000000000000000000011
147275998,1770150773,0x4200000000000000000000000000000000000011
147275999,1770150775,0x4200000000000000000000000000000000000011
147276000,1770150777,0x4200000000000000000000000000000000000011
147276001,1770150779,0x4200000000000000000000000000000000000011
147276002,1770150781,0x4200000000000000000000000000000000000011
147276003,1770150783,0x4200000000000000000000000000000000000011
147276004,1770150785,0x4200000000000000000000000000000000000011
147276005,1770150787,0x4200000000000000000000000000000000000011
147276006,1770150789,0x4200000000000000000000000000000000000011
147276007,1770150791,0x4200000000000000000000000000000000000011
147276008,1770150793,0x4200000000000000000000000000000000000011
147276009,1770150795,0x4200000000000000000000000000000000000011
147276010,1770150797,0x4200000000000000000000000000000000000011
147276011,1770150799,0x4200000000000000000000000000000000000011
147276012,1770150801,0x4200000000000000000000000000000000000011
147276013,1770150803,0x4200000000000000000000000000000000000011
147276014,1770150805,0x4200000000000000000000000000000000000011
147276015,1770150807,0x4200000000000000000000000000000000000011
147276016,1770150809,0x4200000000000000000000000000000000000011
147276017,1770150811,0x4200000000000000000000000000000000000011
147276018,1770150813,0x4200000000000000000000000000000000000011
147276019,1770150815,0x4200000000000000000000000000000000000011
147276020,1770150817,0x4200000000000000000000000000000000000011
147276021,1770150819,0x4200000000000000000000000000000000000011
147276022,1770150821,0x4200000000000000000000000000000000000011
147276023,1770150823,0x4200000000000000000000000000000000000011
147276024,1770150825,0x4200000000000000000000000000000000000011
147276025,1770150827,0x4200000000000000000000000000000000000011
147276026,1770150829,0x4200000000000000000000000000000000000011
147276027,1770150831,0x4200000000000000000000000000000000000011
147276028,1770150833,0x4200000000000000000000000000000000000011
147276029,1770150835,0x4200000000000000000000000000000000000011
147276030,1770150837,0x4200000000000000000000000000000000000011
147276031,1770150839,0x4200000000000000000000000000000000000011
147276032,1770150841,0x4200000000000000000000000000000000000011
147276033,1770150843,0x4200000000000000000000000000000000000011
147276034,1770150845,0x4200000000000000000000000000000000000011
147276035,1770150847,0x4200000000000000000000000000000000000011
147276036,1770150849,0x4200000000000000000000000000000000000011
147276037,1770150851,0x4200000000000000000000000000000000000011
147276038,1770150853,0x4200000000000000000000000000000000000011
147276039,1770150855,0x4200000000000000000000000000000000000011
147276040,1770150857,0x4200000000000000000000000000000000000011
147276041,1770150859,0x4200000000000000000000000000000000000011
147276042,1770150861,0x4200000000000000000000000000000000000011
147276043,1770150863,0x4200000000000000000000000000000000000011
147276044,1770150865,0x4200000000000000000000000000000000000011
147276045,1770150867,0x4200000000000000000000000000000000000011
147276046,1770150869,0x4200000000000000000000000000000000000011
147276047,1770150871,0x4200000000000000000000000000000000000011
147276048,1770150873,0x4200000000000000000000000000000000000011
147276049,1770150875,0x4200000000000000000000000000000000000011
147276050,1770150877,0x4200000000000000000000000000000000000011
147276051,1770150879,0x4200000000000000000000000000000000000011
147276052,1770150881,0x4200000000000000000000000000000000000011
147276053,1770150883,0x4200000000000000000000000000000000000011
147276054,1770150885,0x4200000000000000000000000000000000000011
147276055,1770150887,0x4200000000000000000000000000000000000011
147276056,1770150889,0x4200000000000000000000000000000000000011
147276057,1770150891,0x4200000000000000000000000000000000000011
147276058,1770150893,0x4200000000000000000000000000000000000011
147276059,1770150895,0x4200000000000000000000000000000000000011
147276060,1770150897,0x4200000000000000000000000000000000000011
147276061,1770150899,0x4200000000000000000000000000000000000011
147276062,1770150901,0x4200000000000000000000000000000000000011
147276063,1770150903,0x4200000000000000000000000000000000000011
147276064,1770150905,0x4200000000000000000000000000000000000011
147276065,1770150907,0x4200000000000000000000000000000000000011
147276066,1770150909,0x4200000000000000000000000000000000000011
147276067,1770150911,0x4200000000000000000000000000000000000011
147276068,1770150913,0x4200000000000000000000000000000000000011
147276069,1770150915,0x4200000000000000000000000000000000000011
147276070,1770150917,0x4200000000000000000000000000000000000011
147276071,1770150919,0x4200000000000000000000000000000000000011
147276072,1770150921,0x4200000000000000000000000000000000000011
147276073,1770150923,0x4200000000000000000000000000000000000011
147276074,1770150925,0x4200000000000000000000000000000000000011
147276075,1770150927,0x4200000000000000000000000000000000000011
147276076,1770150929,0x4200000000000000000000000000000000000011
147276077,1770150931,0x4200000000000000000000000000000000000011
147276078,1770150933,0x4200000000000000000000000000000000000011
147276079,1770150935,0x4200000000000000000000000000000000000011
147276080,1770150937,0x4200000000000000000000000000000000000011
147276081,1770150939,0x4200000000000000000000000000000000000011
147276082,1770150941,0x4200000000000000000000000000000000000011
147276083,1770150943,0x4200000000000000000000000000000000000011
147276084,1770150945,0x4200000000000000000000000000000000000011
147276085,1770150947,0x4200000000000000000000000000000000000011
147276086,1770150949,0x4200000000000000000000000000000000000011
147276087,1770150951,0x4200000000000000000000000000000000000011
147276088,1770150953,0x4200000000000000000000000000000000000011
147276089,1770150955,0x4200000000000000000000000000000000000011
147276090,1770150957,0x4200000000000000000000000000000000000011
147276091,1770150959,0x4200000000000000000000000000000000000011
147276092,1770150961,0x4200000000000000000000000000000000000011
147276093,1770150963,0x4200000000000000000000000000000000000011
147276094,1770150965,0x4200000000000000000000000000000000000011
147276095,1770150967,0x4200000000000000000000000000000000000011
147276096,1770150969,0x4200000000000000000000000000000000000011
147276097,1770150971,0x4200000000000000000000000000000000000011
147276098,1770150973,0x4200000000000000000000000000000000000011
147276099,1770150975,0x4200000000000000000000000000000000000011
147276100,1770150977,0x4200000000000000000000000000000000000011
147276101,1770150979,0x4200000000000000000000000000000000000011
147276102,1770150981,0x4200000000000000000000000000000000000011
147276103,1770150983,0x4200000000000000000000000000000000000011
147276104,1770150985,0x4200000000000000000000000000000000000011
147276105,1770150987,0x4200000000000000000000000000000000000011
147276106,1770150989,0x4200000000000000000000000000000000000011
147276107,1770150991,0x4200000000000000000000000000000000000011
147276108,1770150993,0x4200000000000000000000000000000000000011
147276109,1770150995,0x4200000000000000000000000000000000000011
147276110,1770150997,0x4200000000000000000000000000000000000011
147276111,1770150999,0x4200000000000000000000000000000000000011
147276112,1770151001,0x4200000000000000000000000000000000000011
147276113,1770151003,0x4200000000000000000000000000000000000011
147276114,1770151005,0x4200000000000000000000000000000000000011
147276115,1770151007,0x4200000000000000000000000000000000000011
147276116,1770151009,0x4200000000000000000000000000000000000011
147276117,1770151011,0x4200000000000000000000000000000000000011
147276118,1770151013,0x4200000000000000000000000000000000000011
147276119,1770151015,0x4200000000000000000000000000000000000011
147276120,1770151017,0x4200000000000000000000000000000000000011
147276121,1770151019,0x4200000000000000000000000000000000000011
147276122,1770151021,0x4200000000000000000000000000000000000011
147276123,1770151023,0x4200000000000000000000000000000000000011
147276124,1770151025,0x4200000000000000000000000000000000000011
147276125,1770151027,0x4200000000000000000000000000000000000011
147276126,1770151029,0x4200000000000000000000000000000000000011
147276127,1770151031,0x4200000000000000000000000000000000000011
147276128,1770151033,0x4200000000000000000000000000000000000011
147276129,1770151035,0x4200000000000000000000000000000000000011
147276130,1770151037,0x4200000000000000000000000000000000000011
147276131,1770151039,0x4200000000000000000000000000000000000011
147276132,1770151041,0x4200000000000000000000000000000000000011
147276133,1770151043,0x4200000000000000000000000000000000000011
147276134,1770151045,0x4200000000000000000000000000000000000011
147276135,1770151047,0x4200000000000000000000000000000000000011
147276136,1770151049,0x4200000000000000000000000000000000000011
147276137,1770151051,0x4200000000000000000000000000000000000011
147276138,1770151053,0x4200000000000000000000000000000000000011
147276139,1770151055,0x4200000000000000000000000000000000000011
147276140,1770151057,0x4200000000000000000000000000000000000011
147276141,1770151059,0x4200000000000000000000000000000000000011
147276142,1770151061,0x4200000000000000000000000000000000000011
147276143,1770151063,0x4200000000000000000000000000000000000011
147276144,1770151065,0x4200000000000000000000000000000000000011
147276145,1770151067,0x4200000000000000000000000000000000000011
147276146,1770151069,0x4200000000000000000000000000000000000011
147276147,1770151071,0x4200000000000000000000000000000000000011
147276148,1770151073,0x4200000000000000000000000000000000000011
147276149,1770151075,0x4200000000000000000000000000000000000011
147276150,1770151077,0x4200000000000000000000000000000000000011
147276151,1770151079,0x4200000000000000000000000000000000000011
147276152,1770151081,0x4200000000000000000000000000000000000011
147276153,1770151083,0x4200000000000000000000000000000000000011
147276154,1770151085,0x4200000000000000000000000000000000000011
147276155,1770151087,0x4200000000000000000000000000000000000011
147276156,1770151089,0x4200000000000000000000000000000000000011
147276157,1770151091,0x4200000000000000000000000000000000000011
147276158,1770151093,0x4200000000000000000000000000000000000011
147276159,1770151095,0x4200000000000000000000000000000000000011
147276160,1770151097,0x4200000000000000000000000000000000000011
147276161,1770151099,0x4200000000000000000000000000000000000011
147276162,1770151101,0x4200000000000000000000000000000000000011
147276163,1770151103,0x4200000000000000000000000000000000000011
147276164,1770151105,0x4200000000000000000000000000000000000011
147276165,1770151107,0x4200000000000000000000000000000000000011
147276166,1770151109,0x4200000000000000000000000000000000000011
147276167,1770151111,0x4200000000000000000000000000000000000011
147276168,1770151113,0x4200000000000000000000000000000000000011
147276169,1770151115,0x4200000000000000000000000000000000000011
147276170,1770151117,0x4200000000000000000000000000000000000011
147276171,1770151119,0x4200000000000000000000000000000000000011
147276172,1770151121,0x4200000000000000000000000000000000000011
147276173,1770151123,0x4200000000000000000000000000000000000011
147276174,1770151125,0x4200000000000000000000000000000000000011
147276175,1770151127,0x4200000000000000000000000000000000000011
147276176,1770151129,0x4200000000000000000000000000000000000011
147276177,1770151131,0x4200000000000000000000000000000000000011
147276178,1770151133,0x4200000000000000000000000000000000000011
147276179,1770151135,0x4200000000000000000000000000000000000011
147276180,1770151137,0x4200000000000000000000000000000000000011
147276181,1770151139,0x4200000000000000000000000000000000000011
147276182,1770151141,0x4200000000000000000000000000000000000011
147276183,1770151143,0x4200000000000000000000000000000000000011
147276184,1770151145,0x4200000000000000000000000000000000000011
147276185,1770151147,0x4200000000000000000000000000000000000011
147276186,1770151149,0x4200000000000000000000000000000000000011
147276187,1770151151,0x4200000000000000000000000000000000000011
147276188,1770151153,0x4200000000000000000000000000000000000011
147276189,1770151155,0x4200000000000000000000000000000000000011
147276190,1770151157,0x4200000000000000000000000000000000000011
147276191,1770151159,0x4200000000000000000000000000000000000011
147276192,1770151161,0x4200000000000000000000000000000000000011
147276193,1770151163,0x4200000000000000000000000000000000000011
147276194,1770151165,0x4200000000000000000000000000000000000011
147276195,1770151167,0x4200000000000000000000000000000000000011
147276196,1770151169,0x4200000000000000000000000000000000000011
147276197,1770151171,0x4200000000000000000000000000000000000011
147276198,1770151173,0x4200000000000000000000000000000000000011
147276199,1770151175,0x4200000000000000000000000000000000000011
147276200,1770151177,0x4200000000000000000000000000000000000011
147276201,1770151179,0x4200000000000000000000000000000000000011
147276202,1770151181,0x4200000000000000000000000000000000000011
147276203,1770151183,0x4200000000000000000000000000000000000011
147276204,1770151185,0x4200000000000000000000000000000000000011
147276205,1770151187,0x4200000000000000000000000000000000000011
147276206,1770151189,0x4200000000000000000000000000000000000011
147276207,1770151191,0x4200000000000000000000000000000000000011
147276208,1770151193,0x4200000000000000000000000000000000000011
147276209,1770151195,0x4200000000000000000000000000000000000011
147276210,1770151197,0x4200000000000000000000000000000000000011
147276211,1770151199,0x4200000000000000000000000000000000000011
147276212,1770151201,0x4200000000000000000000000000000000000011
147276213,1770151203,0x4200000000000000000000000000000000000011
147276214,1770151205,0x4200000000000000000000000000000000000011
147276215,1770151207,0x4200000000000000000000000000000000000011
147276216,1770151209,0x4200000000000000000000000000000000000011
147276217,1770151211,0x4200000000000000000000000000000000000011
147276218,1770151213,0x4200000000000000000000000000000000000011
147276219,1770151215,0x4200000000000000000000000000000000000011
147276220,1770151217,0x4200000000000000000000000000000000000011
147276221,1770151219,0x4200000000000000000000000000000000000011
147276222,1770151221,0x4200000000000000000000000000000000000011
147276223,1770151223,0x4200000000000000000000000000000000000011
147276224,1770151225,0x4200000000000000000000000000000000000011
147276225,1770151227,0x4200000000000000000000000000000000000011
147276226,1770151229,0x4200000000000000000000000000000000000011
147276227,1770151231,0x4200000000000000000000000000000000000011
147276228,1770151233,0x4200000000000000000000000000000000000011
147276229,1770151235,0x4200000000000000000000000000000000000011
147276230,1770151237,0x4200000000000000000000000000000000000011
147276231,1770151239,0x4200000000000000000000000000000000000011
147276232,1770151241,0x4200000000000000000000000000000000000011
147276233,1770151243,0x4200000000000000000000000000000000000011
147276234,1770151245,0x4200000000000000000000000000000000000011
147276235,1770151247,0x4200000000000000000000000000000000000011
147276236,1770151249,0x4200000000000000000000000000000000000011
147276237,1770151251,0x4200000000000000000000000000000000000011
147276238,1770151253,0x4200000000000000000000000000000000000011
147276239,1770151255,0x4200000000000000000000000000000000000011
147276240,1770151257,0x4200000000000000000000000000000000000011
147276241,1770151259,0x4200000000000000000000000000000000000011
147276242,1770151261,0x4200000000000000000000000000000000000011
147276243,1770151263,0x4200000000000000000000000000000000000011
147276244,1770151265,0x4200000000000000000000000000000000000011
147276245,1770151267,0x4200000000000000000000000000000000000011
147276246,1770151269,0x4200000000000000000000000000000000000011
147276247,1770151271,0x4200000000000000000000000000000000000011
147276248,1770151273,0x4200000000000000000000000000000000000011
147276249,1770151275,0x4200000000000000000000000000000000000011
147276250,1770151277,0x4200000000000000000000000000000000000011
147276251,1770151279,0x4200000000000000000000000000000000000011
